{"version": "1", "message": "ERROR: Hidden Testcases server unreachable.", "problem_id": "ads2_m2_a1_1", "user_id": "PoojaKistaiahgari", "score": {"sample": {"0": {"execution_time": 0.6888597011566162, "passed": true}, "1": {"execution_time": 0.09384655952453613, "passed": true}, "2": {"execution_time": 0.09497380256652832, "passed": true}, "3": {"execution_time": 0.19983673095703125, "passed": true}, "4": {"execution_time": 0.10854601860046387, "passed": true}, "5": {"execution_time": 0.09258222579956055, "passed": true}, "6": {"execution_time": 0.08918166160583496, "passed": true}, "7": {"execution_time": 0.11005330085754395, "passed": true}, "8": {"execution_time": 0.07921624183654785, "passed": true}, "9": {"execution_time": 0.0928812026977539, "passed": true}, "10": {"execution_time": 0.2165818214416504, "passed": true}, "11": {"execution_time": 0.10901927947998047, "passed": true}, "12": {"execution_time": 0.08942914009094238, "passed": true}, "13": {"execution_time": 0.09599995613098145, "passed": true}, "14": {"execution_time": 0.07966160774230957, "passed": true}, "15": {"execution_time": 0.09584474563598633, "passed": true}, "16": {"execution_time": 0.0917670726776123, "passed": true}, "17": {"execution_time": 0.19997286796569824, "passed": true}, "18": {"execution_time": 0.12803339958190918, "passed": true}, "19": {"execution_time": 0.18757414817810059, "passed": true}, "20": {"execution_time": 0.14342045783996582, "passed": true}, "21": {"execution_time": 0.11318635940551758, "passed": true}, "22": {"execution_time": 0.161790132522583, "passed": true}, "23": {"execution_time": 0.2949950695037842, "passed": true}}}, "check_style_score": "0/1"}