{"version": "1", "message": "ERROR: Hidden Testcases server unreachable.", "problem_id": "ads2_m2_a1_1", "user_id": "PoojaKistaiahgari", "score": {"sample": {"0": {"execution_time": 0.2754521369934082, "passed": true}, "1": {"execution_time": 0.13555097579956055, "passed": true}, "2": {"execution_time": 0.08888506889343262, "passed": true}, "3": {"execution_time": 0.09386301040649414, "passed": true}, "4": {"execution_time": 0.08947896957397461, "passed": true}, "5": {"execution_time": 0.08690381050109863, "passed": true}, "6": {"execution_time": 0.11027908325195312, "passed": true}, "7": {"execution_time": 0.1673274040222168, "passed": true}, "8": {"execution_time": 0.10026717185974121, "passed": true}, "9": {"execution_time": 0.0917975902557373, "passed": true}, "10": {"execution_time": 0.08697247505187988, "passed": true}, "11": {"execution_time": 0.0821237564086914, "passed": true}, "12": {"execution_time": 0.08884882926940918, "passed": true}, "13": {"execution_time": 0.10084676742553711, "passed": true}, "14": {"execution_time": 0.1075296401977539, "passed": true}, "15": {"execution_time": 0.10721230506896973, "passed": true}, "16": {"execution_time": 0.10288524627685547, "passed": true}, "17": {"execution_time": 0.14029502868652344, "passed": true}, "18": {"execution_time": 0.11423492431640625, "passed": true}, "19": {"execution_time": 0.10401630401611328, "passed": true}, "20": {"execution_time": 0.11558055877685547, "passed": true}, "21": {"execution_time": 0.113861083984375, "passed": true}, "22": {"execution_time": 0.12050390243530273, "passed": true}, "23": {"execution_time": 0.1535048484802246, "passed": true}}}, "check_style_score": "0/1"}