{"version": "1", "message": "ERROR: Hidden Testcases server unreachable.", "problem_id": "ads2_m2_a1_1", "user_id": "PoojaKistaiahgari", "score": {"sample": {"0": {"execution_time": 0.11555171012878418, "passed": true}, "1": {"execution_time": 0.13057446479797363, "passed": true}, "2": {"execution_time": 0.10663771629333496, "passed": true}, "3": {"execution_time": 0.09485006332397461, "passed": true}, "4": {"execution_time": 0.09402871131896973, "passed": true}, "5": {"execution_time": 0.08703064918518066, "passed": true}, "6": {"execution_time": 0.09473824501037598, "passed": true}, "7": {"execution_time": 0.09409761428833008, "passed": true}, "8": {"execution_time": 0.18983221054077148, "passed": true}, "9": {"execution_time": 0.08948373794555664, "passed": true}, "10": {"execution_time": 0.08105182647705078, "passed": true}, "11": {"execution_time": 0.09966421127319336, "passed": true}, "12": {"execution_time": 0.08806109428405762, "passed": true}, "13": {"execution_time": 0.18044018745422363, "passed": true}, "14": {"execution_time": 0.08327126502990723, "passed": true}, "15": {"execution_time": 0.09747934341430664, "passed": true}, "16": {"execution_time": 0.08607029914855957, "passed": true}, "17": {"execution_time": 0.10198760032653809, "passed": true}, "18": {"execution_time": 0.09250092506408691, "passed": true}, "19": {"execution_time": 0.21131014823913574, "passed": true}, "20": {"execution_time": 0.10538482666015625, "passed": true}, "21": {"execution_time": 0.0964205265045166, "passed": true}, "22": {"execution_time": 0.11381053924560547, "passed": true}, "23": {"execution_time": 0.11341214179992676, "passed": true}}}, "check_style_score": "0/1"}