{"version": "1", "message": "ERROR: Hidden Testcases server unreachable.", "problem_id": "ads2_m2_a1_1", "user_id": "PoojaKistaiahgari", "score": {"sample": {"0": {"execution_time": 0.09651303291320801, "passed": true}, "1": {"execution_time": 0.09402728080749512, "passed": true}, "2": {"execution_time": 0.16027164459228516, "passed": true}, "3": {"execution_time": 0.20509815216064453, "passed": true}, "4": {"execution_time": 0.079986572265625, "passed": true}, "5": {"execution_time": 0.10903596878051758, "passed": true}, "6": {"execution_time": 0.10151052474975586, "passed": true}, "7": {"execution_time": 0.2543454170227051, "passed": true}, "8": {"execution_time": 0.10313224792480469, "passed": true}, "9": {"execution_time": 0.11702084541320801, "passed": true}, "10": {"execution_time": 0.0902550220489502, "passed": true}, "11": {"execution_time": 0.09499430656433105, "passed": true}, "12": {"execution_time": 0.08940887451171875, "passed": true}, "13": {"execution_time": 0.1046290397644043, "passed": true}, "14": {"execution_time": 0.11084818840026855, "passed": true}, "15": {"execution_time": 0.08595156669616699, "passed": true}, "16": {"execution_time": 0.17242145538330078, "passed": true}, "17": {"execution_time": 0.1370244026184082, "passed": true}, "18": {"execution_time": 0.27970361709594727, "passed": true}, "19": {"execution_time": 0.10768866539001465, "passed": true}, "20": {"execution_time": 0.14980673789978027, "passed": true}, "21": {"execution_time": 0.10169482231140137, "passed": true}, "22": {"execution_time": 0.12352371215820312, "passed": true}, "23": {"execution_time": 0.11536741256713867, "passed": true}}}, "check_style_score": "0/1"}